create table kucharz(kucharz_id int primary key, nazwa varchar(45), pensja int(4), dzien_pracy varchar(12));
create table zamowienie(nr_zamowienia int primary key, obsluga varchar(45), danie varchar(45), czas_wykonania int(3));
create table menu(danie_id int primary key, nazwa varchar(45), cena int(3), glowny_skladnik varchar(25));
create table skladniki(skladnik_id int primary key, nazwa varchar(25), termin_waznosci date, ilosc int(3));
create table kelner(kelner_id int, nazwa varchar(45), pensja int(4), nr_zamowienia int(2));

insert into kucharz values(1,'Xin Ho',7930,'poniedzialek');
insert into kucharz values(2,'Sha Olin',9830,'wtorek');
insert into kucharz values(3,'Guseppe',9830,'sroda');
insert into kucharz values(4,'Pisacco',6920,'czwartek');
insert into kucharz values(5,'Smakosz',15675,'piatek');
insert into kucharz values(6,'Kim Shi',5010,'sobota');
insert into kucharz values(7,'Kim Chi',9230,'niedziela');
insert into kucharz values(8,'Baobao',5830,'poniedzialek');
insert into kucharz values(9,'Papatka',0,'wtorek');
insert into kucharz values(10,'Piotr Pawel',11111,'sroda');
insert into kucharz values(11,'Guslarz',6660,'czwartek');
insert into kucharz values(12,'Sondre',5350,'piatek');
insert into kucharz values(13,'Daniel Jacks',7098,'sobota');
insert into kucharz values(14,'Ed Sheridans',8796,'niedziela');

insert into kelner values(1,'Piotr',2300,3);
insert into kelner values(1,'Piotr',2300,4);
insert into kelner values(1,'Piotr',2300,1);
insert into kelner values(2,'Amadeusz',2400,2);
insert into kelner values(2,'Amadeusz',2400,5);
insert into kelner values(2,'Amadeusz',2400,6);
insert into kelner values(3,'Gerwazy',2200,7);
insert into kelner values(3,'Gerwazy',2200,8);
insert into kelner values(3,'Gerwazy',2200,9);
insert into kelner values(4,'Gertruda',2100,10);
insert into kelner values(4,'Gertruda',2100,11);
insert into kelner values(4,'Gertruda',2100,12);

insert into skladniki values(1,'pomidor','2021-01-24',120);
insert into skladniki values(2,'brokul','2021-01-20',20);
insert into skladniki values(3,'cebula','2021-03-03',50);
insert into skladniki values(4,'makaron','2022-04-23',500);
insert into skladniki values(5,'salata','2021-01-19',70);
insert into skladniki values(6,'grzyby','2023-05-25',240);
insert into skladniki values(7,'ser','2021-02-04',32);
insert into skladniki values(8,'krewetki','2021-01-10',40);
insert into skladniki values(9,'ryz','2022-04-06',800);
insert into skladniki values(10,'kaczka','2021-01-27',52);
insert into skladniki values(11,'wolowina','2021-01-19',52);
insert into skladniki values(12,'ostra_papryka','2024-11-24',80);
insert into skladniki values(13,'slodka_papryka','2021-02-04',80);
insert into skladniki values(14,'sezam','2022-07-11',230);
insert into skladniki values(15,'soja','2021-01-05',7);

insert into menu values(1,'wonton',23,'krewetki');
insert into menu values(2,'baozi',22,'wolowina');
insert into menu values(3,'baozi_wegetarianskie',20,'salata');
insert into menu values(4,'kaczka_po_pekinsku',56,'kaczka');
insert into menu values(5,'kaczka_po_seczuansku',64,'kaczka');
insert into menu values(6,'sajgonki',26,'wolowina');
insert into menu values(7,'sajgonki_wegetarianskie',23,'cebula');
insert into menu values(8,'salatka',20,'brokuly');
insert into menu values(9,'ryz_z_warzywami',24,'ryz');
insert into menu values(10,'smazony_makaron_z_warzywami',27,'makaron');
insert into menu values(11,'zupa_pak_choi',18,'makaron');

insert into zamowienie values(1,'Piotr','baozi',8);
insert into zamowienie values(2,'Amadeusz','wonton',9);
insert into zamowienie values(3,'Piotr','salatka',4);
insert into zamowienie values(4,'Piotr','sajgonki',8);
insert into zamowienie values(5,'Amadeusz','ryz_z_warzywami',5);
insert into zamowienie values(6,'Amadeusz','kaczka_po_pekinsku',37);
insert into zamowienie values(7,'Gerwazy','baozi_wegetarianskie',8);
insert into zamowienie values(8,'Gerwazy','sajgonki',8);
insert into zamowienie values(9,'Gerwazy','wonton',9);
insert into zamowienie values(10,'Gertruda','smazony_makaron_z_warzywami',13);
insert into zamowienie values(11,'Gertruda','kaczka_po_seczuansku',34);
insert into zamowienie values(12,'Gertruda','ryz_z_warzywami',5);
